parameter,sparsity,top1,top5,loss
conv1.conv.weight,0.0,0.866862,0,0
conv1.conv.weight,0.1,0.8669005,0,0
conv1.conv.weight,0.2,0.8667463,0,0
conv1.conv.weight,0.30000000000000004,0.8671318,0,0
conv1.conv.weight,0.4,0.8702155,0,0
conv1.conv.weight,0.5,0.8710249,0,0
conv1.conv.weight,0.6000000000000001,0.8598851,0,0
conv1.conv.weight,0.7000000000000001,0.7187295,0,0
conv1.conv.weight,0.8,0.1103188,0,0
conv1.conv.weight,0.9,0.0005396,0,0
conv2_dw.model.0.conv.conv.weight,0.0,0.866862,0,0
conv2_dw.model.0.conv.conv.weight,0.1,0.8667849,0,0
conv2_dw.model.0.conv.conv.weight,0.2,0.8655129,0,0
conv2_dw.model.0.conv.conv.weight,0.30000000000000004,0.8664765,0,0
conv2_dw.model.0.conv.conv.weight,0.4,0.863971,0,0
conv2_dw.model.0.conv.conv.weight,0.5,0.8608488,0,0
conv2_dw.model.0.conv.conv.weight,0.6000000000000001,0.853949,0,0
conv2_dw.model.0.conv.conv.weight,0.7000000000000001,0.8507497,0,0
conv2_dw.model.0.conv.conv.weight,0.8,0.8277763,0,0
conv2_dw.model.0.conv.conv.weight,0.9,0.7563505,0,0
conv2_dw.model.0.conv_dw.conv.weight,0.0,0.866862,0,0
conv2_dw.model.0.conv_dw.conv.weight,0.1,0.8667078,0,0
conv2_dw.model.0.conv_dw.conv.weight,0.2,0.8667078,0,0
conv2_dw.model.0.conv_dw.conv.weight,0.30000000000000004,0.8611186,0,0
conv2_dw.model.0.conv_dw.conv.weight,0.4,0.8509425,0,0
conv2_dw.model.0.conv_dw.conv.weight,0.5,0.8486682,0,0
conv2_dw.model.0.conv_dw.conv.weight,0.6000000000000001,0.0001927,0,0
conv2_dw.model.0.conv_dw.conv.weight,0.7000000000000001,0.0002313,0,0
conv2_dw.model.0.conv_dw.conv.weight,0.8,0.0001542,0,0
conv2_dw.model.0.conv_dw.conv.weight,0.9,0.0003084,0,0
conv2_dw.model.0.project.conv.weight,0.0,0.866862,0,0
conv2_dw.model.0.project.conv.weight,0.1,0.8669391,0,0
conv2_dw.model.0.project.conv.weight,0.2,0.8669005,0,0
conv2_dw.model.0.project.conv.weight,0.30000000000000004,0.8679798,0,0
conv2_dw.model.0.project.conv.weight,0.4,0.859384,0,0
conv2_dw.model.0.project.conv.weight,0.5,0.8544887,0,0
conv2_dw.model.0.project.conv.weight,0.6000000000000001,0.852253,0,0
conv2_dw.model.0.project.conv.weight,0.7000000000000001,0.8138997,0,0
conv2_dw.model.0.project.conv.weight,0.8,0.815403,0,0
conv2_dw.model.0.project.conv.weight,0.9,0.7898084,0,0
conv2_dw.model.1.conv.conv.weight,0.0,0.866862,0,0
conv2_dw.model.1.conv.conv.weight,0.1,0.8650888,0,0
conv2_dw.model.1.conv.conv.weight,0.2,0.8661296,0,0
conv2_dw.model.1.conv.conv.weight,0.30000000000000004,0.8516363,0,0
conv2_dw.model.1.conv.conv.weight,0.4,0.845122,0,0
conv2_dw.model.1.conv.conv.weight,0.5,0.8101607,0,0
conv2_dw.model.1.conv.conv.weight,0.6000000000000001,0.8145935,0,0
conv2_dw.model.1.conv.conv.weight,0.7000000000000001,0.8187951,0,0
conv2_dw.model.1.conv.conv.weight,0.8,0.7774351,0,0
conv2_dw.model.1.conv.conv.weight,0.9,0.7317966,0,0
conv2_dw.model.1.conv_dw.conv.weight,0.0,0.866862,0,0
conv2_dw.model.1.conv_dw.conv.weight,0.1,0.8626604,0,0
conv2_dw.model.1.conv_dw.conv.weight,0.2,0.857688,0,0
conv2_dw.model.1.conv_dw.conv.weight,0.30000000000000004,0.8535636,0,0
conv2_dw.model.1.conv_dw.conv.weight,0.4,0.8490537,0,0
conv2_dw.model.1.conv_dw.conv.weight,0.5,0.8419612,0,0
conv2_dw.model.1.conv_dw.conv.weight,0.6000000000000001,0.835948,0,0
conv2_dw.model.1.conv_dw.conv.weight,0.7000000000000001,0.7796708,0,0
conv2_dw.model.1.conv_dw.conv.weight,0.8,0.3124542,0,0
conv2_dw.model.1.conv_dw.conv.weight,0.9,0.6679644,0,0
conv2_dw.model.1.project.conv.weight,0.0,0.866862,0,0
conv2_dw.model.1.project.conv.weight,0.1,0.866862,0,0
conv2_dw.model.1.project.conv.weight,0.2,0.8671318,0,0
conv2_dw.model.1.project.conv.weight,0.30000000000000004,0.8667463,0,0
conv2_dw.model.1.project.conv.weight,0.4,0.8623135,0,0
conv2_dw.model.1.project.conv.weight,0.5,0.8524843,0,0
conv2_dw.model.1.project.conv.weight,0.6000000000000001,0.8444667,0,0
conv2_dw.model.1.project.conv.weight,0.7000000000000001,0.8259646,0,0
conv2_dw.model.1.project.conv.weight,0.8,0.7991366,0,0
conv2_dw.model.1.project.conv.weight,0.9,0.7249354,0,0
conv_23.conv.conv.weight,0.0,0.866862,0,0
conv_23.conv.conv.weight,0.1,0.8615812,0,0
conv_23.conv.conv.weight,0.2,0.8401496,0,0
conv_23.conv.conv.weight,0.30000000000000004,0.8100451,0,0
conv_23.conv.conv.weight,0.4,0.6309602,0,0
conv_23.conv.conv.weight,0.5,0.0235131,0,0
conv_23.conv.conv.weight,0.6000000000000001,0.0021971,0,0
conv_23.conv.conv.weight,0.7000000000000001,0.0001542,0,0
conv_23.conv.conv.weight,0.8,0.0001542,0,0
conv_23.conv.conv.weight,0.9,0.0002313,0,0
conv_23.conv_dw.conv.weight,0.0,0.866862,0,0
conv_23.conv_dw.conv.weight,0.1,0.78314,0,0
conv_23.conv_dw.conv.weight,0.2,0.7407393,0,0
conv_23.conv_dw.conv.weight,0.30000000000000004,0.6550515,0,0
conv_23.conv_dw.conv.weight,0.4,0.5712524,0,0
conv_23.conv_dw.conv.weight,0.5,0.1232702,0,0
conv_23.conv_dw.conv.weight,0.6000000000000001,0.0001156,0,0
conv_23.conv_dw.conv.weight,0.7000000000000001,0.0001927,0,0
conv_23.conv_dw.conv.weight,0.8,0.000424,0,0
conv_23.conv_dw.conv.weight,0.9,0.0001927,0,0
conv_23.project.conv.weight,0.0,0.866862,0,0
conv_23.project.conv.weight,0.1,0.8638939,0,0
conv_23.project.conv.weight,0.2,0.8509425,0,0
conv_23.project.conv.weight,0.30000000000000004,0.8135913,0,0
conv_23.project.conv.weight,0.4,0.4440119,0,0
conv_23.project.conv.weight,0.5,0.0001927,0,0
conv_23.project.conv.weight,0.6000000000000001,0.0003084,0,0
conv_23.project.conv.weight,0.7000000000000001,0.0002313,0,0
conv_23.project.conv.weight,0.8,0.0017346,0,0
conv_23.project.conv.weight,0.9,0.0006167,0,0
conv_3.model.0.conv.conv.weight,0.0,0.866862,0,0
conv_3.model.0.conv.conv.weight,0.1,0.8667463,0,0
conv_3.model.0.conv.conv.weight,0.2,0.866014,0,0
conv_3.model.0.conv.conv.weight,0.30000000000000004,0.8690976,0,0
conv_3.model.0.conv.conv.weight,0.4,0.8690976,0,0
conv_3.model.0.conv.conv.weight,0.5,0.861427,0,0
conv_3.model.0.conv.conv.weight,0.6000000000000001,0.8575338,0,0
conv_3.model.0.conv.conv.weight,0.7000000000000001,0.8465097,0,0
conv_3.model.0.conv.conv.weight,0.8,0.8337895,0,0
conv_3.model.0.conv.conv.weight,0.9,0.8194118,0,0
conv_3.model.0.conv_dw.conv.weight,0.0,0.866862,0,0
conv_3.model.0.conv_dw.conv.weight,0.1,0.866438,0,0
conv_3.model.0.conv_dw.conv.weight,0.2,0.8676714,0,0
conv_3.model.0.conv_dw.conv.weight,0.30000000000000004,0.8674402,0,0
conv_3.model.0.conv_dw.conv.weight,0.4,0.8654743,0,0
conv_3.model.0.conv_dw.conv.weight,0.5,0.8623521,0,0
conv_3.model.0.conv_dw.conv.weight,0.6000000000000001,0.8450064,0,0
conv_3.model.0.conv_dw.conv.weight,0.7000000000000001,0.8333655,0,0
conv_3.model.0.conv_dw.conv.weight,0.8,0.1520256,0,0
conv_3.model.0.conv_dw.conv.weight,0.9,0.1484023,0,0
conv_3.model.0.project.conv.weight,0.0,0.866862,0,0
conv_3.model.0.project.conv.weight,0.1,0.8701384,0,0
conv_3.model.0.project.conv.weight,0.2,0.8445438,0,0
conv_3.model.0.project.conv.weight,0.30000000000000004,0.831708,0,0
conv_3.model.0.project.conv.weight,0.4,0.5620399,0,0
conv_3.model.0.project.conv.weight,0.5,0.7450565,0,0
conv_3.model.0.project.conv.weight,0.6000000000000001,0.6996492,0,0
conv_3.model.0.project.conv.weight,0.7000000000000001,0.6202058,0,0
conv_3.model.0.project.conv.weight,0.8,0.6648807,0,0
conv_3.model.0.project.conv.weight,0.9,0.0003084,0,0
conv_3.model.1.conv.conv.weight,0.0,0.866862,0,0
conv_3.model.1.conv.conv.weight,0.1,0.8665151,0,0
conv_3.model.1.conv.conv.weight,0.2,0.8655129,0,0
conv_3.model.1.conv.conv.weight,0.30000000000000004,0.8548356,0,0
conv_3.model.1.conv.conv.weight,0.4,0.8441583,0,0
conv_3.model.1.conv.conv.weight,0.5,0.8401881,0,0
conv_3.model.1.conv.conv.weight,0.6000000000000001,0.8421154,0,0
conv_3.model.1.conv.conv.weight,0.7000000000000001,0.8316309,0,0
conv_3.model.1.conv.conv.weight,0.8,0.818371,0,0
conv_3.model.1.conv.conv.weight,0.9,0.7648691,0,0
conv_3.model.1.conv_dw.conv.weight,0.0,0.866862,0,0
conv_3.model.1.conv_dw.conv.weight,0.1,0.8575724,0,0
conv_3.model.1.conv_dw.conv.weight,0.2,0.8497861,0,0
conv_3.model.1.conv_dw.conv.weight,0.30000000000000004,0.8490537,0,0
conv_3.model.1.conv_dw.conv.weight,0.4,0.8257333,0,0
conv_3.model.1.conv_dw.conv.weight,0.5,0.8235748,0,0
conv_3.model.1.conv_dw.conv.weight,0.6000000000000001,0.8095825,0,0
conv_3.model.1.conv_dw.conv.weight,0.7000000000000001,0.7941641,0,0
conv_3.model.1.conv_dw.conv.weight,0.8,0.7769726,0,0
conv_3.model.1.conv_dw.conv.weight,0.9,0.7218518,0,0
conv_3.model.1.project.conv.weight,0.0,0.866862,0,0
conv_3.model.1.project.conv.weight,0.1,0.8675943,0,0
conv_3.model.1.project.conv.weight,0.2,0.8678256,0,0
conv_3.model.1.project.conv.weight,0.30000000000000004,0.8633928,0,0
conv_3.model.1.project.conv.weight,0.4,0.8564931,0,0
conv_3.model.1.project.conv.weight,0.5,0.8549127,0,0
conv_3.model.1.project.conv.weight,0.6000000000000001,0.8490537,0,0
conv_3.model.1.project.conv.weight,0.7000000000000001,0.8323633,0,0
conv_3.model.1.project.conv.weight,0.8,0.8223027,0,0
conv_3.model.1.project.conv.weight,0.9,0.8096596,0,0
conv_3.model.2.conv.conv.weight,0.0,0.866862,0,0
conv_3.model.2.conv.conv.weight,0.1,0.8658212,0,0
conv_3.model.2.conv.conv.weight,0.2,0.8628146,0,0
conv_3.model.2.conv.conv.weight,0.30000000000000004,0.8639325,0,0
conv_3.model.2.conv.conv.weight,0.4,0.8657056,0,0
conv_3.model.2.conv.conv.weight,0.5,0.8663994,0,0
conv_3.model.2.conv.conv.weight,0.6000000000000001,0.8632001,0,0
conv_3.model.2.conv.conv.weight,0.7000000000000001,0.8618124,0,0
conv_3.model.2.conv.conv.weight,0.8,0.8539105,0,0
conv_3.model.2.conv.conv.weight,0.9,0.7963227,0,0
conv_3.model.2.conv_dw.conv.weight,0.0,0.866862,0,0
conv_3.model.2.conv_dw.conv.weight,0.1,0.8693675,0,0
conv_3.model.2.conv_dw.conv.weight,0.2,0.8601935,0,0
conv_3.model.2.conv_dw.conv.weight,0.30000000000000004,0.8620823,0,0
conv_3.model.2.conv_dw.conv.weight,0.4,0.8490151,0,0
conv_3.model.2.conv_dw.conv.weight,0.5,0.8440427,0,0
conv_3.model.2.conv_dw.conv.weight,0.6000000000000001,0.8398026,0,0
conv_3.model.2.conv_dw.conv.weight,0.7000000000000001,0.8301276,0,0
conv_3.model.2.conv_dw.conv.weight,0.8,0.8185252,0,0
conv_3.model.2.conv_dw.conv.weight,0.9,0.8139768,0,0
conv_3.model.2.project.conv.weight,0.0,0.866862,0,0
conv_3.model.2.project.conv.weight,0.1,0.8683653,0,0
conv_3.model.2.project.conv.weight,0.2,0.8671318,0,0
conv_3.model.2.project.conv.weight,0.30000000000000004,0.8594611,0,0
conv_3.model.2.project.conv.weight,0.4,0.8546429,0,0
conv_3.model.2.project.conv.weight,0.5,0.8473577,0,0
conv_3.model.2.project.conv.weight,0.6000000000000001,0.8477431,0,0
conv_3.model.2.project.conv.weight,0.7000000000000001,0.840535,0,0
conv_3.model.2.project.conv.weight,0.8,0.822534,0,0
conv_3.model.2.project.conv.weight,0.9,0.7868404,0,0
conv_3.model.3.conv.conv.weight,0.0,0.866862,0,0
conv_3.model.3.conv.conv.weight,0.1,0.8677871,0,0
conv_3.model.3.conv.conv.weight,0.2,0.8634699,0,0
conv_3.model.3.conv.conv.weight,0.30000000000000004,0.8655514,0,0
conv_3.model.3.conv.conv.weight,0.4,0.8606561,0,0
conv_3.model.3.conv.conv.weight,0.5,0.8577651,0,0
conv_3.model.3.conv.conv.weight,0.6000000000000001,0.8488224,0,0
conv_3.model.3.conv.conv.weight,0.7000000000000001,0.8468951,0,0
conv_3.model.3.conv.conv.weight,0.8,0.8404194,0,0
conv_3.model.3.conv.conv.weight,0.9,0.8237289,0,0
conv_3.model.3.conv_dw.conv.weight,0.0,0.866862,0,0
conv_3.model.3.conv_dw.conv.weight,0.1,0.8659369,0,0
conv_3.model.3.conv_dw.conv.weight,0.2,0.8519832,0,0
conv_3.model.3.conv_dw.conv.weight,0.30000000000000004,0.8536792,0,0
conv_3.model.3.conv_dw.conv.weight,0.4,0.8498246,0,0
conv_3.model.3.conv_dw.conv.weight,0.5,0.8470493,0,0
conv_3.model.3.conv_dw.conv.weight,0.6000000000000001,0.8384535,0,0
conv_3.model.3.conv_dw.conv.weight,0.7000000000000001,0.8389161,0,0
conv_3.model.3.conv_dw.conv.weight,0.8,0.8184867,0,0
conv_3.model.3.conv_dw.conv.weight,0.9,0.8024515,0,0
conv_3.model.3.project.conv.weight,0.0,0.866862,0,0
conv_3.model.3.project.conv.weight,0.1,0.8661681,0,0
conv_3.model.3.project.conv.weight,0.2,0.8647419,0,0
conv_3.model.3.project.conv.weight,0.30000000000000004,0.8649732,0,0
conv_3.model.3.project.conv.weight,0.4,0.8649347,0,0
conv_3.model.3.project.conv.weight,0.5,0.8617739,0,0
conv_3.model.3.project.conv.weight,0.6000000000000001,0.8534865,0,0
conv_3.model.3.project.conv.weight,0.7000000000000001,0.8277377,0,0
conv_3.model.3.project.conv.weight,0.8,0.7978645,0,0
conv_3.model.3.project.conv.weight,0.9,0.7901553,0,0
conv_3.model.4.conv.conv.weight,0.0,0.866862,0,0
conv_3.model.4.conv.conv.weight,0.1,0.8665921,0,0
conv_3.model.4.conv.conv.weight,0.2,0.8641637,0,0
conv_3.model.4.conv.conv.weight,0.30000000000000004,0.8620823,0,0
conv_3.model.4.conv.conv.weight,0.4,0.8601935,0,0
conv_3.model.4.conv.conv.weight,0.5,0.8551054,0,0
conv_3.model.4.conv.conv.weight,0.6000000000000001,0.851829,0,0
conv_3.model.4.conv.conv.weight,0.7000000000000001,0.8488995,0,0
conv_3.model.4.conv.conv.weight,0.8,0.8404579,0,0
conv_3.model.4.conv.conv.weight,0.9,0.833828,0,0
conv_3.model.4.conv_dw.conv.weight,0.0,0.866862,0,0
conv_3.model.4.conv_dw.conv.weight,0.1,0.8608488,0,0
conv_3.model.4.conv_dw.conv.weight,0.2,0.8536407,0,0
conv_3.model.4.conv_dw.conv.weight,0.30000000000000004,0.8549898,0,0
conv_3.model.4.conv_dw.conv.weight,0.4,0.8504414,0,0
conv_3.model.4.conv_dw.conv.weight,0.5,0.8478588,0,0
conv_3.model.4.conv_dw.conv.weight,0.6000000000000001,0.8310141,0,0
conv_3.model.4.conv_dw.conv.weight,0.7000000000000001,0.8207609,0,0
conv_3.model.4.conv_dw.conv.weight,0.8,0.8095055,0,0
conv_3.model.4.conv_dw.conv.weight,0.9,0.7745827,0,0
conv_3.model.4.project.conv.weight,0.0,0.866862,0,0
conv_3.model.4.project.conv.weight,0.1,0.8677485,0,0
conv_3.model.4.project.conv.weight,0.2,0.8678642,0,0
conv_3.model.4.project.conv.weight,0.30000000000000004,0.8654358,0,0
conv_3.model.4.project.conv.weight,0.4,0.8661681,0,0
conv_3.model.4.project.conv.weight,0.5,0.864819,0,0
conv_3.model.4.project.conv.weight,0.6000000000000001,0.859384,0,0
conv_3.model.4.project.conv.weight,0.7000000000000001,0.851829,0,0
conv_3.model.4.project.conv.weight,0.8,0.8331342,0,0
conv_3.model.4.project.conv.weight,0.9,0.8211078,0,0
conv_3.model.5.conv.conv.weight,0.0,0.866862,0,0
conv_3.model.5.conv.conv.weight,0.1,0.8694831,0,0
conv_3.model.5.conv.conv.weight,0.2,0.8688278,0,0
conv_3.model.5.conv.conv.weight,0.30000000000000004,0.8563774,0,0
conv_3.model.5.conv.conv.weight,0.4,0.8567244,0,0
conv_3.model.5.conv.conv.weight,0.5,0.8475119,0,0
conv_3.model.5.conv.conv.weight,0.6000000000000001,0.8409976,0,0
conv_3.model.5.conv.conv.weight,0.7000000000000001,0.8293567,0,0
conv_3.model.5.conv.conv.weight,0.8,0.8167521,0,0
conv_3.model.5.conv.conv.weight,0.9,0.8027214,0,0
conv_3.model.5.conv_dw.conv.weight,0.0,0.866862,0,0
conv_3.model.5.conv_dw.conv.weight,0.1,0.864395,0,0
conv_3.model.5.conv_dw.conv.weight,0.2,0.8429249,0,0
conv_3.model.5.conv_dw.conv.weight,0.30000000000000004,0.8351771,0,0
conv_3.model.5.conv_dw.conv.weight,0.4,0.8339822,0,0
conv_3.model.5.conv_dw.conv.weight,0.5,0.829665,0,0
conv_3.model.5.conv_dw.conv.weight,0.6000000000000001,0.8209536,0,0
conv_3.model.5.conv_dw.conv.weight,0.7000000000000001,0.7627876,0,0
conv_3.model.5.conv_dw.conv.weight,0.8,0.7402768,0,0
conv_3.model.5.conv_dw.conv.weight,0.9,0.7257449,0,0
conv_3.model.5.project.conv.weight,0.0,0.866862,0,0
conv_3.model.5.project.conv.weight,0.1,0.8667078,0,0
conv_3.model.5.project.conv.weight,0.2,0.8603091,0,0
conv_3.model.5.project.conv.weight,0.30000000000000004,0.8683653,0,0
conv_3.model.5.project.conv.weight,0.4,0.861003,0,0
conv_3.model.5.project.conv.weight,0.5,0.8571098,0,0
conv_3.model.5.project.conv.weight,0.6000000000000001,0.8562618,0,0
conv_3.model.5.project.conv.weight,0.7000000000000001,0.8459315,0,0
conv_3.model.5.project.conv.weight,0.8,0.8379524,0,0
conv_3.model.5.project.conv.weight,0.9,0.8158656,0,0
conv_3.model.6.conv.conv.weight,0.0,0.866862,0,0
conv_3.model.6.conv.conv.weight,0.1,0.8653201,0,0
conv_3.model.6.conv.conv.weight,0.2,0.8605019,0,0
conv_3.model.6.conv.conv.weight,0.30000000000000004,0.860155,0,0
conv_3.model.6.conv.conv.weight,0.4,0.8513665,0,0
conv_3.model.6.conv.conv.weight,0.5,0.8492079,0,0
conv_3.model.6.conv.conv.weight,0.6000000000000001,0.837567,0,0
conv_3.model.6.conv.conv.weight,0.7000000000000001,0.8236519,0,0
conv_3.model.6.conv.conv.weight,0.8,0.8085418,0,0
conv_3.model.6.conv.conv.weight,0.9,0.7964383,0,0
conv_3.model.6.conv_dw.conv.weight,0.0,0.866862,0,0
conv_3.model.6.conv_dw.conv.weight,0.1,0.8681725,0,0
conv_3.model.6.conv_dw.conv.weight,0.2,0.8596924,0,0
conv_3.model.6.conv_dw.conv.weight,0.30000000000000004,0.8540261,0,0
conv_3.model.6.conv_dw.conv.weight,0.4,0.8467795,0,0
conv_3.model.6.conv_dw.conv.weight,0.5,0.8342135,0,0
conv_3.model.6.conv_dw.conv.weight,0.6000000000000001,0.8211464,0,0
conv_3.model.6.conv_dw.conv.weight,0.7000000000000001,0.8101607,0,0
conv_3.model.6.conv_dw.conv.weight,0.8,0.7908106,0,0
conv_3.model.6.conv_dw.conv.weight,0.9,0.7781675,0,0
conv_3.model.6.project.conv.weight,0.0,0.866862,0,0
conv_3.model.6.project.conv.weight,0.1,0.8663223,0,0
conv_3.model.6.project.conv.weight,0.2,0.8673631,0,0
conv_3.model.6.project.conv.weight,0.30000000000000004,0.8502486,0,0
conv_3.model.6.project.conv.weight,0.4,0.8457002,0,0
conv_3.model.6.project.conv.weight,0.5,0.8302432,0,0
conv_3.model.6.project.conv.weight,0.6000000000000001,0.819142,0,0
conv_3.model.6.project.conv.weight,0.7000000000000001,0.8069229,0,0
conv_3.model.6.project.conv.weight,0.8,0.7864164,0,0
conv_3.model.6.project.conv.weight,0.9,0.5945342,0,0
conv_3.model.7.conv.conv.weight,0.0,0.866862,0,0
conv_3.model.7.conv.conv.weight,0.1,0.8629688,0,0
conv_3.model.7.conv.conv.weight,0.2,0.8544501,0,0
conv_3.model.7.conv.conv.weight,0.30000000000000004,0.8361793,0,0
conv_3.model.7.conv.conv.weight,0.4,0.8306672,0,0
conv_3.model.7.conv.conv.weight,0.5,0.8039934,0,0
conv_3.model.7.conv.conv.weight,0.6000000000000001,0.7925837,0,0
conv_3.model.7.conv.conv.weight,0.7000000000000001,0.7680299,0,0
conv_3.model.7.conv.conv.weight,0.8,0.733801,0,0
conv_3.model.7.conv.conv.weight,0.9,0.702386,0,0
conv_3.model.7.conv_dw.conv.weight,0.0,0.866862,0,0
conv_3.model.7.conv_dw.conv.weight,0.1,0.858536,0,0
conv_3.model.7.conv_dw.conv.weight,0.2,0.8506341,0,0
conv_3.model.7.conv_dw.conv.weight,0.30000000000000004,0.8448907,0,0
conv_3.model.7.conv_dw.conv.weight,0.4,0.842231,0,0
conv_3.model.7.conv_dw.conv.weight,0.5,0.8165979,0,0
conv_3.model.7.conv_dw.conv.weight,0.6000000000000001,0.8117026,0,0
conv_3.model.7.conv_dw.conv.weight,0.7000000000000001,0.803685,0,0
conv_3.model.7.conv_dw.conv.weight,0.8,0.775238,0,0
conv_3.model.7.conv_dw.conv.weight,0.9,0.7432448,0,0
conv_3.model.7.project.conv.weight,0.0,0.866862,0,0
conv_3.model.7.project.conv.weight,0.1,0.8671703,0,0
conv_3.model.7.project.conv.weight,0.2,0.8694831,0,0
conv_3.model.7.project.conv.weight,0.30000000000000004,0.8695216,0,0
conv_3.model.7.project.conv.weight,0.4,0.8628917,0,0
conv_3.model.7.project.conv.weight,0.5,0.8398412,0,0
conv_3.model.7.project.conv.weight,0.6000000000000001,0.8264272,0,0
conv_3.model.7.project.conv.weight,0.7000000000000001,0.8043017,0,0
conv_3.model.7.project.conv.weight,0.8,0.7369233,0,0
conv_3.model.7.project.conv.weight,0.9,0.6791813,0,0
conv_34.conv.conv.weight,0.0,0.866862,0,0
conv_34.conv.conv.weight,0.1,0.8357939,0,0
conv_34.conv.conv.weight,0.2,0.7603207,0,0
conv_34.conv.conv.weight,0.30000000000000004,0.6331573,0,0
conv_34.conv.conv.weight,0.4,0.4490229,0,0
conv_34.conv.conv.weight,0.5,0.069884,0,0
conv_34.conv.conv.weight,0.6000000000000001,0.0003469,0,0
conv_34.conv.conv.weight,0.7000000000000001,0.0001156,0,0
conv_34.conv.conv.weight,0.8,0.0001927,0,0
conv_34.conv.conv.weight,0.9,0.0002313,0,0
conv_34.conv_dw.conv.weight,0.0,0.866862,0,0
conv_34.conv_dw.conv.weight,0.1,0.8016806,0,0
conv_34.conv_dw.conv.weight,0.2,0.7245885,0,0
conv_34.conv_dw.conv.weight,0.30000000000000004,0.5823151,0,0
conv_34.conv_dw.conv.weight,0.4,0.4522607,0,0
conv_34.conv_dw.conv.weight,0.5,0.0002313,0,0
conv_34.conv_dw.conv.weight,0.6000000000000001,0.0002313,0,0
conv_34.conv_dw.conv.weight,0.7000000000000001,0.0001542,0,0
conv_34.conv_dw.conv.weight,0.8,0.0002313,0,0
conv_34.conv_dw.conv.weight,0.9,0.0003469,0,0
conv_34.project.conv.weight,0.0,0.866862,0,0
conv_34.project.conv.weight,0.1,0.870678,0,0
conv_34.project.conv.weight,0.2,0.8451605,0,0
conv_34.project.conv.weight,0.30000000000000004,0.7808272,0,0
conv_34.project.conv.weight,0.4,0.7537679,0,0
conv_34.project.conv.weight,0.5,0.6390934,0,0
conv_34.project.conv.weight,0.6000000000000001,0.454612,0,0
conv_34.project.conv.weight,0.7000000000000001,0.1948117,0,0
conv_34.project.conv.weight,0.8,0.0758586,0,0
conv_34.project.conv.weight,0.9,0.0003084,0,0
conv_4.model.0.conv.conv.weight,0.0,0.866862,0,0
conv_4.model.0.conv.conv.weight,0.1,0.8682111,0,0
conv_4.model.0.conv.conv.weight,0.2,0.863123,0,0
conv_4.model.0.conv.conv.weight,0.30000000000000004,0.8520217,0,0
conv_4.model.0.conv.conv.weight,0.4,0.8431947,0,0
conv_4.model.0.conv.conv.weight,0.5,0.832556,0,0
conv_4.model.0.conv.conv.weight,0.6000000000000001,0.8161739,0,0
conv_4.model.0.conv.conv.weight,0.7000000000000001,0.8039934,0,0
conv_4.model.0.conv.conv.weight,0.8,0.7872644,0,0
conv_4.model.0.conv.conv.weight,0.9,0.758856,0,0
conv_4.model.0.conv_dw.conv.weight,0.0,0.866862,0,0
conv_4.model.0.conv_dw.conv.weight,0.1,0.8544887,0,0
conv_4.model.0.conv_dw.conv.weight,0.2,0.840535,0,0
conv_4.model.0.conv_dw.conv.weight,0.30000000000000004,0.83086,0,0
conv_4.model.0.conv_dw.conv.weight,0.4,0.8076167,0,0
conv_4.model.0.conv_dw.conv.weight,0.5,0.7948194,0,0
conv_4.model.0.conv_dw.conv.weight,0.6000000000000001,0.0003469,0,0
conv_4.model.0.conv_dw.conv.weight,0.7000000000000001,0.0005782,0,0
conv_4.model.0.conv_dw.conv.weight,0.8,0.0005396,0,0
conv_4.model.0.conv_dw.conv.weight,0.9,0.000424,0,0
conv_4.model.0.project.conv.weight,0.0,0.866862,0,0
conv_4.model.0.project.conv.weight,0.1,0.868134,0,0
conv_4.model.0.project.conv.weight,0.2,0.8669005,0,0
conv_4.model.0.project.conv.weight,0.30000000000000004,0.8598466,0,0
conv_4.model.0.project.conv.weight,0.4,0.8534479,0,0
conv_4.model.0.project.conv.weight,0.5,0.8428863,0,0
conv_4.model.0.project.conv.weight,0.6000000000000001,0.8231122,0,0
conv_4.model.0.project.conv.weight,0.7000000000000001,0.7791697,0,0
conv_4.model.0.project.conv.weight,0.8,0.0017731,0,0
conv_4.model.0.project.conv.weight,0.9,0.0003469,0,0
conv_4.model.1.conv.conv.weight,0.0,0.866862,0,0
conv_4.model.1.conv.conv.weight,0.1,0.8648961,0,0
conv_4.model.1.conv.conv.weight,0.2,0.8620437,0,0
conv_4.model.1.conv.conv.weight,0.30000000000000004,0.8292025,0,0
conv_4.model.1.conv.conv.weight,0.4,0.7344178,0,0
conv_4.model.1.conv.conv.weight,0.5,0.0021586,0,0
conv_4.model.1.conv.conv.weight,0.6000000000000001,0.000424,0,0
conv_4.model.1.conv.conv.weight,0.7000000000000001,0.0010793,0,0
conv_4.model.1.conv.conv.weight,0.8,0.0012335,0,0
conv_4.model.1.conv.conv.weight,0.9,0.0006553,0,0
conv_4.model.1.conv_dw.conv.weight,0.0,0.866862,0,0
conv_4.model.1.conv_dw.conv.weight,0.1,0.8646263,0,0
conv_4.model.1.conv_dw.conv.weight,0.2,0.857688,0,0
conv_4.model.1.conv_dw.conv.weight,0.30000000000000004,0.7297922,0,0
conv_4.model.1.conv_dw.conv.weight,0.4,0.7087076,0,0
conv_4.model.1.conv_dw.conv.weight,0.5,0.6850017,0,0
conv_4.model.1.conv_dw.conv.weight,0.6000000000000001,0.6880083,0,0
conv_4.model.1.conv_dw.conv.weight,0.7000000000000001,0.4640558,0,0
conv_4.model.1.conv_dw.conv.weight,0.8,0.2110781,0,0
conv_4.model.1.conv_dw.conv.weight,0.9,0.1243881,0,0
conv_4.model.1.project.conv.weight,0.0,0.866862,0,0
conv_4.model.1.project.conv.weight,0.1,0.8655129,0,0
conv_4.model.1.project.conv.weight,0.2,0.8671318,0,0
conv_4.model.1.project.conv.weight,0.30000000000000004,0.8612342,0,0
conv_4.model.1.project.conv.weight,0.4,0.8572255,0,0
conv_4.model.1.project.conv.weight,0.5,0.844274,0,0
conv_4.model.1.project.conv.weight,0.6000000000000001,0.8149404,0,0
conv_4.model.1.project.conv.weight,0.7000000000000001,0.710365,0,0
conv_4.model.1.project.conv.weight,0.8,0.0174228,0,0
conv_4.model.1.project.conv.weight,0.9,0.0003469,0,0
conv_4.model.2.conv.conv.weight,0.0,0.866862,0,0
conv_4.model.2.conv.conv.weight,0.1,0.8646648,0,0
conv_4.model.2.conv.conv.weight,0.2,0.8659369,0,0
conv_4.model.2.conv.conv.weight,0.30000000000000004,0.8670932,0,0
conv_4.model.2.conv.conv.weight,0.4,0.8654358,0,0
conv_4.model.2.conv.conv.weight,0.5,0.8620052,0,0
conv_4.model.2.conv.conv.weight,0.6000000000000001,0.8534094,0,0
conv_4.model.2.conv.conv.weight,0.7000000000000001,0.000424,0,0
conv_4.model.2.conv.conv.weight,0.8,0.0004626,0,0
conv_4.model.2.conv.conv.weight,0.9,0.0002313,0,0
conv_4.model.2.conv_dw.conv.weight,0.0,0.866862,0,0
conv_4.model.2.conv_dw.conv.weight,0.1,0.866438,0,0
conv_4.model.2.conv_dw.conv.weight,0.2,0.8515977,0,0
conv_4.model.2.conv_dw.conv.weight,0.30000000000000004,0.8396485,0,0
conv_4.model.2.conv_dw.conv.weight,0.4,0.8261188,0,0
conv_4.model.2.conv_dw.conv.weight,0.5,0.819142,0,0
conv_4.model.2.conv_dw.conv.weight,0.6000000000000001,0.8211078,0,0
conv_4.model.2.conv_dw.conv.weight,0.7000000000000001,0.8118953,0,0
conv_4.model.2.conv_dw.conv.weight,0.8,0.0005396,0,0
conv_4.model.2.conv_dw.conv.weight,0.9,0.0003855,0,0
conv_4.model.2.project.conv.weight,0.0,0.866862,0,0
conv_4.model.2.project.conv.weight,0.1,0.8676329,0,0
conv_4.model.2.project.conv.weight,0.2,0.8666692,0,0
conv_4.model.2.project.conv.weight,0.30000000000000004,0.8651274,0,0
conv_4.model.2.project.conv.weight,0.4,0.854296,0,0
conv_4.model.2.project.conv.weight,0.5,0.8549898,0,0
conv_4.model.2.project.conv.weight,0.6000000000000001,0.8449678,0,0
conv_4.model.2.project.conv.weight,0.7000000000000001,0.7714991,0,0
conv_4.model.2.project.conv.weight,0.8,0.0185021,0,0
conv_4.model.2.project.conv.weight,0.9,0.0003084,0,0
conv_4.model.3.conv.conv.weight,0.0,0.866862,0,0
conv_4.model.3.conv.conv.weight,0.1,0.8674787,0,0
conv_4.model.3.conv.conv.weight,0.2,0.8633928,0,0
conv_4.model.3.conv.conv.weight,0.30000000000000004,0.8642023,0,0
conv_4.model.3.conv.conv.weight,0.4,0.8592684,0,0
conv_4.model.3.conv.conv.weight,0.5,0.564661,0,0
conv_4.model.3.conv.conv.weight,0.6000000000000001,0.4367267,0,0
conv_4.model.3.conv.conv.weight,0.7000000000000001,0.5806576,0,0
conv_4.model.3.conv.conv.weight,0.8,0.5180203,0,0
conv_4.model.3.conv.conv.weight,0.9,0.1957754,0,0
conv_4.model.3.conv_dw.conv.weight,0.0,0.866862,0,0
conv_4.model.3.conv_dw.conv.weight,0.1,0.8703697,0,0
conv_4.model.3.conv_dw.conv.weight,0.2,0.863971,0,0
conv_4.model.3.conv_dw.conv.weight,0.30000000000000004,0.8623135,0,0
conv_4.model.3.conv_dw.conv.weight,0.4,0.8634314,0,0
conv_4.model.3.conv_dw.conv.weight,0.5,0.8570327,0,0
conv_4.model.3.conv_dw.conv.weight,0.6000000000000001,0.8586517,0,0
conv_4.model.3.conv_dw.conv.weight,0.7000000000000001,0.8514821,0,0
conv_4.model.3.conv_dw.conv.weight,0.8,0.8040319,0,0
conv_4.model.3.conv_dw.conv.weight,0.9,0.764368,0,0
conv_4.model.3.project.conv.weight,0.0,0.866862,0,0
conv_4.model.3.project.conv.weight,0.1,0.8647805,0,0
conv_4.model.3.project.conv.weight,0.2,0.8607717,0,0
conv_4.model.3.project.conv.weight,0.30000000000000004,0.8586517,0,0
conv_4.model.3.project.conv.weight,0.4,0.8387234,0,0
conv_4.model.3.project.conv.weight,0.5,0.727094,0,0
conv_4.model.3.project.conv.weight,0.6000000000000001,0.0307983,0,0
conv_4.model.3.project.conv.weight,0.7000000000000001,0.0220483,0,0
conv_4.model.3.project.conv.weight,0.8,0.0031993,0,0
conv_4.model.3.project.conv.weight,0.9,0.0003469,0,0
conv_4.model.4.conv.conv.weight,0.0,0.866862,0,0
conv_4.model.4.conv.conv.weight,0.1,0.8684809,0,0
conv_4.model.4.conv.conv.weight,0.2,0.8672474,0,0
conv_4.model.4.conv.conv.weight,0.30000000000000004,0.8637012,0,0
conv_4.model.4.conv.conv.weight,0.4,0.8585746,0,0
conv_4.model.4.conv.conv.weight,0.5,0.8578036,0,0
conv_4.model.4.conv.conv.weight,0.6000000000000001,0.8516363,0,0
conv_4.model.4.conv.conv.weight,0.7000000000000001,0.8423467,0,0
conv_4.model.4.conv.conv.weight,0.8,0.8246155,0,0
conv_4.model.4.conv.conv.weight,0.9,0.7372316,0,0
conv_4.model.4.conv_dw.conv.weight,0.0,0.866862,0,0
conv_4.model.4.conv_dw.conv.weight,0.1,0.8684809,0,0
conv_4.model.4.conv_dw.conv.weight,0.2,0.866862,0,0
conv_4.model.4.conv_dw.conv.weight,0.30000000000000004,0.8686736,0,0
conv_4.model.4.conv_dw.conv.weight,0.4,0.864819,0,0
conv_4.model.4.conv_dw.conv.weight,0.5,0.857264,0,0
conv_4.model.4.conv_dw.conv.weight,0.6000000000000001,0.8477431,0,0
conv_4.model.4.conv_dw.conv.weight,0.7000000000000001,0.8259646,0,0
conv_4.model.4.conv_dw.conv.weight,0.8,0.7914274,0,0
conv_4.model.4.conv_dw.conv.weight,0.9,0.7068573,0,0
conv_4.model.4.project.conv.weight,0.0,0.866862,0,0
conv_4.model.4.project.conv.weight,0.1,0.8674402,0,0
conv_4.model.4.project.conv.weight,0.2,0.8700227,0,0
conv_4.model.4.project.conv.weight,0.30000000000000004,0.8699457,0,0
conv_4.model.4.project.conv.weight,0.4,0.8655899,0,0
conv_4.model.4.project.conv.weight,0.5,0.8582662,0,0
conv_4.model.4.project.conv.weight,0.6000000000000001,0.8440042,0,0
conv_4.model.4.project.conv.weight,0.7000000000000001,0.8349073,0,0
conv_4.model.4.project.conv.weight,0.8,0.8032995,0,0
conv_4.model.4.project.conv.weight,0.9,0.536638,0,0
conv_4.model.5.conv.conv.weight,0.0,0.866862,0,0
conv_4.model.5.conv.conv.weight,0.1,0.8630459,0,0
conv_4.model.5.conv.conv.weight,0.2,0.8580349,0,0
conv_4.model.5.conv.conv.weight,0.30000000000000004,0.8566858,0,0
conv_4.model.5.conv.conv.weight,0.4,0.8508654,0,0
conv_4.model.5.conv.conv.weight,0.5,0.8464711,0,0
conv_4.model.5.conv.conv.weight,0.6000000000000001,0.8370273,0,0
conv_4.model.5.conv.conv.weight,0.7000000000000001,0.8357553,0,0
conv_4.model.5.conv.conv.weight,0.8,0.8130131,0,0
conv_4.model.5.conv.conv.weight,0.9,0.7966311,0,0
conv_4.model.5.conv_dw.conv.weight,0.0,0.866862,0,0
conv_4.model.5.conv_dw.conv.weight,0.1,0.8659369,0,0
conv_4.model.5.conv_dw.conv.weight,0.2,0.8655899,0,0
conv_4.model.5.conv_dw.conv.weight,0.30000000000000004,0.8620437,0,0
conv_4.model.5.conv_dw.conv.weight,0.4,0.8618124,0,0
conv_4.model.5.conv_dw.conv.weight,0.5,0.8470878,0,0
conv_4.model.5.conv_dw.conv.weight,0.6000000000000001,0.8234977,0,0
conv_4.model.5.conv_dw.conv.weight,0.7000000000000001,0.8162896,0,0
conv_4.model.5.conv_dw.conv.weight,0.8,0.7858767,0,0
conv_4.model.5.conv_dw.conv.weight,0.9,0.7742744,0,0
conv_4.model.5.project.conv.weight,0.0,0.866862,0,0
conv_4.model.5.project.conv.weight,0.1,0.8686351,0,0
conv_4.model.5.project.conv.weight,0.2,0.8645492,0,0
conv_4.model.5.project.conv.weight,0.30000000000000004,0.8630074,0,0
conv_4.model.5.project.conv.weight,0.4,0.8500944,0,0
conv_4.model.5.project.conv.weight,0.5,0.8390317,0,0
conv_4.model.5.project.conv.weight,0.6000000000000001,0.8281617,0,0
conv_4.model.5.project.conv.weight,0.7000000000000001,0.8108931,0,0
conv_4.model.5.project.conv.weight,0.8,0.7549243,0,0
conv_4.model.5.project.conv.weight,0.9,0.7026558,0,0
conv_4.model.6.conv.conv.weight,0.0,0.866862,0,0
conv_4.model.6.conv.conv.weight,0.1,0.8673631,0,0
conv_4.model.6.conv.conv.weight,0.2,0.8621208,0,0
conv_4.model.6.conv.conv.weight,0.30000000000000004,0.8600779,0,0
conv_4.model.6.conv.conv.weight,0.4,0.8463169,0,0
conv_4.model.6.conv.conv.weight,0.5,0.8439656,0,0
conv_4.model.6.conv.conv.weight,0.6000000000000001,0.8327873,0,0
conv_4.model.6.conv.conv.weight,0.7000000000000001,0.8277377,0,0
conv_4.model.6.conv.conv.weight,0.8,0.8005628,0,0
conv_4.model.6.conv.conv.weight,0.9,0.7569672,0,0
conv_4.model.6.conv_dw.conv.weight,0.0,0.866862,0,0
conv_4.model.6.conv_dw.conv.weight,0.1,0.8606561,0,0
conv_4.model.6.conv_dw.conv.weight,0.2,0.8399954,0,0
conv_4.model.6.conv_dw.conv.weight,0.30000000000000004,0.8407663,0,0
conv_4.model.6.conv_dw.conv.weight,0.4,0.8378753,0,0
conv_4.model.6.conv_dw.conv.weight,0.5,0.8241915,0,0
conv_4.model.6.conv_dw.conv.weight,0.6000000000000001,0.8169448,0,0
conv_4.model.6.conv_dw.conv.weight,0.7000000000000001,0.8115484,0,0
conv_4.model.6.conv_dw.conv.weight,0.8,0.7989824,0,0
conv_4.model.6.conv_dw.conv.weight,0.9,0.0854951,0,0
conv_4.model.6.project.conv.weight,0.0,0.866862,0,0
conv_4.model.6.project.conv.weight,0.1,0.8673631,0,0
conv_4.model.6.project.conv.weight,0.2,0.8704082,0,0
conv_4.model.6.project.conv.weight,0.30000000000000004,0.8596539,0,0
conv_4.model.6.project.conv.weight,0.4,0.8372972,0,0
conv_4.model.6.project.conv.weight,0.5,0.8330185,0,0
conv_4.model.6.project.conv.weight,0.6000000000000001,0.7748911,0,0
conv_4.model.6.project.conv.weight,0.7000000000000001,0.7494122,0,0
conv_4.model.6.project.conv.weight,0.8,0.6949466,0,0
conv_4.model.6.project.conv.weight,0.9,0.2610338,0,0
conv_4.model.7.conv.conv.weight,0.0,0.866862,0,0
conv_4.model.7.conv.conv.weight,0.1,0.8664765,0,0
conv_4.model.7.conv.conv.weight,0.2,0.8671703,0,0
conv_4.model.7.conv.conv.weight,0.30000000000000004,0.8630074,0,0
conv_4.model.7.conv.conv.weight,0.4,0.8552596,0,0
conv_4.model.7.conv.conv.weight,0.5,0.8519446,0,0
conv_4.model.7.conv.conv.weight,0.6000000000000001,0.8447365,0,0
conv_4.model.7.conv.conv.weight,0.7000000000000001,0.8324403,0,0
conv_4.model.7.conv.conv.weight,0.8,0.8009482,0,0
conv_4.model.7.conv.conv.weight,0.9,0.6129592,0,0
conv_4.model.7.conv_dw.conv.weight,0.0,0.866862,0,0
conv_4.model.7.conv_dw.conv.weight,0.1,0.8673245,0,0
conv_4.model.7.conv_dw.conv.weight,0.2,0.8592684,0,0
conv_4.model.7.conv_dw.conv.weight,0.30000000000000004,0.8550669,0,0
conv_4.model.7.conv_dw.conv.weight,0.4,0.8408048,0,0
conv_4.model.7.conv_dw.conv.weight,0.5,0.837143,0,0
conv_4.model.7.conv_dw.conv.weight,0.6000000000000001,0.8282003,0,0
conv_4.model.7.conv_dw.conv.weight,0.7000000000000001,0.6427553,0,0
conv_4.model.7.conv_dw.conv.weight,0.8,0.000424,0,0
conv_4.model.7.conv_dw.conv.weight,0.9,0.0005396,0,0
conv_4.model.7.project.conv.weight,0.0,0.866862,0,0
conv_4.model.7.project.conv.weight,0.1,0.8725668,0,0
conv_4.model.7.project.conv.weight,0.2,0.8710249,0,0
conv_4.model.7.project.conv.weight,0.30000000000000004,0.8721042,0,0
conv_4.model.7.project.conv.weight,0.4,0.8702926,0,0
conv_4.model.7.project.conv.weight,0.5,0.8596539,0,0
conv_4.model.7.project.conv.weight,0.6000000000000001,0.8400725,0,0
conv_4.model.7.project.conv.weight,0.7000000000000001,0.8176387,0,0
conv_4.model.7.project.conv.weight,0.8,0.8113557,0,0
conv_4.model.7.project.conv.weight,0.9,0.6405196,0,0
conv_4.model.8.conv.conv.weight,0.0,0.866862,0,0
conv_4.model.8.conv.conv.weight,0.1,0.8647805,0,0
conv_4.model.8.conv.conv.weight,0.2,0.8636241,0,0
conv_4.model.8.conv.conv.weight,0.30000000000000004,0.859384,0,0
conv_4.model.8.conv.conv.weight,0.4,0.8511352,0,0
conv_4.model.8.conv.conv.weight,0.5,0.8485911,0,0
conv_4.model.8.conv.conv.weight,0.6000000000000001,0.8458929,0,0
conv_4.model.8.conv.conv.weight,0.7000000000000001,0.8281617,0,0
conv_4.model.8.conv.conv.weight,0.8,0.8144393,0,0
conv_4.model.8.conv.conv.weight,0.9,0.7978645,0,0
conv_4.model.8.conv_dw.conv.weight,0.0,0.866862,0,0
conv_4.model.8.conv_dw.conv.weight,0.1,0.8630845,0,0
conv_4.model.8.conv_dw.conv.weight,0.2,0.8563389,0,0
conv_4.model.8.conv_dw.conv.weight,0.30000000000000004,0.8545658,0,0
conv_4.model.8.conv_dw.conv.weight,0.4,0.8493621,0,0
conv_4.model.8.conv_dw.conv.weight,0.5,0.8199514,0,0
conv_4.model.8.conv_dw.conv.weight,0.6000000000000001,0.8229195,0,0
conv_4.model.8.conv_dw.conv.weight,0.7000000000000001,0.8157114,0,0
conv_4.model.8.conv_dw.conv.weight,0.8,0.8009097,0,0
conv_4.model.8.conv_dw.conv.weight,0.9,0.7792468,0,0
conv_4.model.8.project.conv.weight,0.0,0.866862,0,0
conv_4.model.8.project.conv.weight,0.1,0.8658598,0,0
conv_4.model.8.project.conv.weight,0.2,0.8610415,0,0
conv_4.model.8.project.conv.weight,0.30000000000000004,0.8592299,0,0
conv_4.model.8.project.conv.weight,0.4,0.8530625,0,0
conv_4.model.8.project.conv.weight,0.5,0.8401496,0,0
conv_4.model.8.project.conv.weight,0.6000000000000001,0.8300505,0,0
conv_4.model.8.project.conv.weight,0.7000000000000001,0.81999,0,0
conv_4.model.8.project.conv.weight,0.8,0.8046487,0,0
conv_4.model.8.project.conv.weight,0.9,0.7961685,0,0
conv_4.model.9.conv.conv.weight,0.0,0.866862,0,0
conv_4.model.9.conv.conv.weight,0.1,0.8612342,0,0
conv_4.model.9.conv.conv.weight,0.2,0.8642794,0,0
conv_4.model.9.conv.conv.weight,0.30000000000000004,0.8600393,0,0
conv_4.model.9.conv.conv.weight,0.4,0.8525228,0,0
conv_4.model.9.conv.conv.weight,0.5,0.8473962,0,0
conv_4.model.9.conv.conv.weight,0.6000000000000001,0.8421925,0,0
conv_4.model.9.conv.conv.weight,0.7000000000000001,0.833404,0,0
conv_4.model.9.conv.conv.weight,0.8,0.8282003,0,0
conv_4.model.9.conv.conv.weight,0.9,0.8268897,0,0
conv_4.model.9.conv_dw.conv.weight,0.0,0.866862,0,0
conv_4.model.9.conv_dw.conv.weight,0.1,0.8655129,0,0
conv_4.model.9.conv_dw.conv.weight,0.2,0.8560305,0,0
conv_4.model.9.conv_dw.conv.weight,0.30000000000000004,0.8495933,0,0
conv_4.model.9.conv_dw.conv.weight,0.4,0.845546,0,0
conv_4.model.9.conv_dw.conv.weight,0.5,0.840959,0,0
conv_4.model.9.conv_dw.conv.weight,0.6000000000000001,0.83298,0,0
conv_4.model.9.conv_dw.conv.weight,0.7000000000000001,0.8263115,0,0
conv_4.model.9.conv_dw.conv.weight,0.8,0.815403,0,0
conv_4.model.9.conv_dw.conv.weight,0.9,0.8130517,0,0
conv_4.model.9.project.conv.weight,0.0,0.866862,0,0
conv_4.model.9.project.conv.weight,0.1,0.8648576,0,0
conv_4.model.9.project.conv.weight,0.2,0.8632386,0,0
conv_4.model.9.project.conv.weight,0.30000000000000004,0.8580735,0,0
conv_4.model.9.project.conv.weight,0.4,0.8546814,0,0
conv_4.model.9.project.conv.weight,0.5,0.8500944,0,0
conv_4.model.9.project.conv.weight,0.6000000000000001,0.8431562,0,0
conv_4.model.9.project.conv.weight,0.7000000000000001,0.8322476,0,0
conv_4.model.9.project.conv.weight,0.8,0.8045716,0,0
conv_4.model.9.project.conv.weight,0.9,0.7349189,0,0
conv_4.model.10.conv.conv.weight,0.0,0.866862,0,0
conv_4.model.10.conv.conv.weight,0.1,0.8675943,0,0
conv_4.model.10.conv.conv.weight,0.2,0.8679798,0,0
conv_4.model.10.conv.conv.weight,0.30000000000000004,0.8605019,0,0
conv_4.model.10.conv.conv.weight,0.4,0.8594611,0,0
conv_4.model.10.conv.conv.weight,0.5,0.8588444,0,0
conv_4.model.10.conv.conv.weight,0.6000000000000001,0.8562233,0,0
conv_4.model.10.conv.conv.weight,0.7000000000000001,0.8475504,0,0
conv_4.model.10.conv.conv.weight,0.8,0.8454689,0,0
conv_4.model.10.conv.conv.weight,0.9,0.8455075,0,0
conv_4.model.10.conv_dw.conv.weight,0.0,0.866862,0,0
conv_4.model.10.conv_dw.conv.weight,0.1,0.8676329,0,0
conv_4.model.10.conv_dw.conv.weight,0.2,0.8667078,0,0
conv_4.model.10.conv_dw.conv.weight,0.30000000000000004,0.8682496,0,0
conv_4.model.10.conv_dw.conv.weight,0.4,0.8657827,0,0
conv_4.model.10.conv_dw.conv.weight,0.5,0.8563004,0,0
conv_4.model.10.conv_dw.conv.weight,0.6000000000000001,0.8561847,0,0
conv_4.model.10.conv_dw.conv.weight,0.7000000000000001,0.8313611,0,0
conv_4.model.10.conv_dw.conv.weight,0.8,0.7938172,0,0
conv_4.model.10.conv_dw.conv.weight,0.9,0.7797094,0,0
conv_4.model.10.project.conv.weight,0.0,0.866862,0,0
conv_4.model.10.project.conv.weight,0.1,0.8623906,0,0
conv_4.model.10.project.conv.weight,0.2,0.8573411,0,0
conv_4.model.10.project.conv.weight,0.30000000000000004,0.8517134,0,0
conv_4.model.10.project.conv.weight,0.4,0.8465097,0,0
conv_4.model.10.project.conv.weight,0.5,0.8389546,0,0
conv_4.model.10.project.conv.weight,0.6000000000000001,0.8227267,0,0
conv_4.model.10.project.conv.weight,0.7000000000000001,0.7861851,0,0
conv_4.model.10.project.conv.weight,0.8,0.7462514,0,0
conv_4.model.10.project.conv.weight,0.9,0.7095941,0,0
conv_4.model.11.conv.conv.weight,0.0,0.866862,0,0
conv_4.model.11.conv.conv.weight,0.1,0.8635085,0,0
conv_4.model.11.conv.conv.weight,0.2,0.861003,0,0
conv_4.model.11.conv.conv.weight,0.30000000000000004,0.8560305,0,0
conv_4.model.11.conv.conv.weight,0.4,0.853949,0,0
conv_4.model.11.conv.conv.weight,0.5,0.8486682,0,0
conv_4.model.11.conv.conv.weight,0.6000000000000001,0.8497861,0,0
conv_4.model.11.conv.conv.weight,0.7000000000000001,0.8416143,0,0
conv_4.model.11.conv.conv.weight,0.8,0.8412288,0,0
conv_4.model.11.conv.conv.weight,0.9,0.8319778,0,0
conv_4.model.11.conv_dw.conv.weight,0.0,0.866862,0,0
conv_4.model.11.conv_dw.conv.weight,0.1,0.8655129,0,0
conv_4.model.11.conv_dw.conv.weight,0.2,0.8531396,0,0
conv_4.model.11.conv_dw.conv.weight,0.30000000000000004,0.8448136,0,0
conv_4.model.11.conv_dw.conv.weight,0.4,0.8337124,0,0
conv_4.model.11.conv_dw.conv.weight,0.5,0.3245191,0,0
conv_4.model.11.conv_dw.conv.weight,0.6000000000000001,0.0629071,0,0
conv_4.model.11.conv_dw.conv.weight,0.7000000000000001,0.0662221,0,0
conv_4.model.11.conv_dw.conv.weight,0.8,0.1839032,0,0
conv_4.model.11.conv_dw.conv.weight,0.9,0.1638978,0,0
conv_4.model.11.project.conv.weight,0.0,0.866862,0,0
conv_4.model.11.project.conv.weight,0.1,0.8636241,0,0
conv_4.model.11.project.conv.weight,0.2,0.8701384,0,0
conv_4.model.11.project.conv.weight,0.30000000000000004,0.8657441,0,0
conv_4.model.11.project.conv.weight,0.4,0.8643565,0,0
conv_4.model.11.project.conv.weight,0.5,0.8569556,0,0
conv_4.model.11.project.conv.weight,0.6000000000000001,0.8517519,0,0
conv_4.model.11.project.conv.weight,0.7000000000000001,0.840111,0,0
conv_4.model.11.project.conv.weight,0.8,0.8310912,0,0
conv_4.model.11.project.conv.weight,0.9,0.8209922,0,0
conv_4.model.12.conv.conv.weight,0.0,0.866862,0,0
conv_4.model.12.conv.conv.weight,0.1,0.8674016,0,0
conv_4.model.12.conv.conv.weight,0.2,0.8630459,0,0
conv_4.model.12.conv.conv.weight,0.30000000000000004,0.8623906,0,0
conv_4.model.12.conv.conv.weight,0.4,0.8536792,0,0
conv_4.model.12.conv.conv.weight,0.5,0.8527541,0,0
conv_4.model.12.conv.conv.weight,0.6000000000000001,0.8472035,0,0
conv_4.model.12.conv.conv.weight,0.7000000000000001,0.8415372,0,0
conv_4.model.12.conv.conv.weight,0.8,0.8455075,0,0
conv_4.model.12.conv.conv.weight,0.9,0.8277377,0,0
conv_4.model.12.conv_dw.conv.weight,0.0,0.866862,0,0
conv_4.model.12.conv_dw.conv.weight,0.1,0.8568014,0,0
conv_4.model.12.conv_dw.conv.weight,0.2,0.8587288,0,0
conv_4.model.12.conv_dw.conv.weight,0.30000000000000004,0.8497861,0,0
conv_4.model.12.conv_dw.conv.weight,0.4,0.8309756,0,0
conv_4.model.12.conv_dw.conv.weight,0.5,0.8253864,0,0
conv_4.model.12.conv_dw.conv.weight,0.6000000000000001,0.8263501,0,0
conv_4.model.12.conv_dw.conv.weight,0.7000000000000001,0.8152103,0,0
conv_4.model.12.conv_dw.conv.weight,0.8,0.7999075,0,0
conv_4.model.12.conv_dw.conv.weight,0.9,0.78526,0,0
conv_4.model.12.project.conv.weight,0.0,0.866862,0,0
conv_4.model.12.project.conv.weight,0.1,0.8637012,0,0
conv_4.model.12.project.conv.weight,0.2,0.8487068,0,0
conv_4.model.12.project.conv.weight,0.30000000000000004,0.8445053,0,0
conv_4.model.12.project.conv.weight,0.4,0.8408434,0,0
conv_4.model.12.project.conv.weight,0.5,0.8331342,0,0
conv_4.model.12.project.conv.weight,0.6000000000000001,0.8346375,0,0
conv_4.model.12.project.conv.weight,0.7000000000000001,0.8290098,0,0
conv_4.model.12.project.conv.weight,0.8,0.8106233,0,0
conv_4.model.12.project.conv.weight,0.9,0.7900397,0,0
conv_4.model.13.conv.conv.weight,0.0,0.866862,0,0
conv_4.model.13.conv.conv.weight,0.1,0.868558,0,0
conv_4.model.13.conv.conv.weight,0.2,0.8685194,0,0
conv_4.model.13.conv.conv.weight,0.30000000000000004,0.8677485,0,0
conv_4.model.13.conv.conv.weight,0.4,0.8662452,0,0
conv_4.model.13.conv.conv.weight,0.5,0.8603862,0,0
conv_4.model.13.conv.conv.weight,0.6000000000000001,0.858536,0,0
conv_4.model.13.conv.conv.weight,0.7000000000000001,0.8487453,0,0
conv_4.model.13.conv.conv.weight,0.8,0.8414601,0,0
conv_4.model.13.conv.conv.weight,0.9,0.8308214,0,0
conv_4.model.13.conv_dw.conv.weight,0.0,0.866862,0,0
conv_4.model.13.conv_dw.conv.weight,0.1,0.8701769,0,0
conv_4.model.13.conv_dw.conv.weight,0.2,0.8704853,0,0
conv_4.model.13.conv_dw.conv.weight,0.30000000000000004,0.8645878,0,0
conv_4.model.13.conv_dw.conv.weight,0.4,0.8632386,0,0
conv_4.model.13.conv_dw.conv.weight,0.5,0.8525999,0,0
conv_4.model.13.conv_dw.conv.weight,0.6000000000000001,0.8431947,0,0
conv_4.model.13.conv_dw.conv.weight,0.7000000000000001,0.8428478,0,0
conv_4.model.13.conv_dw.conv.weight,0.8,0.8333655,0,0
conv_4.model.13.conv_dw.conv.weight,0.9,0.8197202,0,0
conv_4.model.13.project.conv.weight,0.0,0.866862,0,0
conv_4.model.13.project.conv.weight,0.1,0.867286,0,0
conv_4.model.13.project.conv.weight,0.2,0.8678256,0,0
conv_4.model.13.project.conv.weight,0.30000000000000004,0.86771,0,0
conv_4.model.13.project.conv.weight,0.4,0.8709478,0,0
conv_4.model.13.project.conv.weight,0.5,0.8733377,0,0
conv_4.model.13.project.conv.weight,0.6000000000000001,0.873569,0,0
conv_4.model.13.project.conv.weight,0.7000000000000001,0.8659754,0,0
conv_4.model.13.project.conv.weight,0.8,0.8582277,0,0
conv_4.model.13.project.conv.weight,0.9,0.8406121,0,0
conv_4.model.14.conv.conv.weight,0.0,0.866862,0,0
conv_4.model.14.conv.conv.weight,0.1,0.865667,0,0
conv_4.model.14.conv.conv.weight,0.2,0.8640481,0,0
conv_4.model.14.conv.conv.weight,0.30000000000000004,0.8599237,0,0
conv_4.model.14.conv.conv.weight,0.4,0.8539105,0,0
conv_4.model.14.conv.conv.weight,0.5,0.8481671,0,0
conv_4.model.14.conv.conv.weight,0.6000000000000001,0.8423852,0,0
conv_4.model.14.conv.conv.weight,0.7000000000000001,0.8283159,0,0
conv_4.model.14.conv.conv.weight,0.8,0.8181012,0,0
conv_4.model.14.conv.conv.weight,0.9,0.8038006,0,0
conv_4.model.14.conv_dw.conv.weight,0.0,0.866862,0,0
conv_4.model.14.conv_dw.conv.weight,0.1,0.8640867,0,0
conv_4.model.14.conv_dw.conv.weight,0.2,0.8705238,0,0
conv_4.model.14.conv_dw.conv.weight,0.30000000000000004,0.8640096,0,0
conv_4.model.14.conv_dw.conv.weight,0.4,0.8466253,0,0
conv_4.model.14.conv_dw.conv.weight,0.5,0.8376826,0,0
conv_4.model.14.conv_dw.conv.weight,0.6000000000000001,0.8296265,0,0
conv_4.model.14.conv_dw.conv.weight,0.7000000000000001,0.8198743,0,0
conv_4.model.14.conv_dw.conv.weight,0.8,0.8004857,0,0
conv_4.model.14.conv_dw.conv.weight,0.9,0.6857727,0,0
conv_4.model.14.project.conv.weight,0.0,0.866862,0,0
conv_4.model.14.project.conv.weight,0.1,0.8716417,0,0
conv_4.model.14.project.conv.weight,0.2,0.8687122,0,0
conv_4.model.14.project.conv.weight,0.30000000000000004,0.8710635,0,0
conv_4.model.14.project.conv.weight,0.4,0.8697529,0,0
conv_4.model.14.project.conv.weight,0.5,0.868134,0,0
conv_4.model.14.project.conv.weight,0.6000000000000001,0.8672474,0,0
conv_4.model.14.project.conv.weight,0.7000000000000001,0.8640867,0,0
conv_4.model.14.project.conv.weight,0.8,0.8594226,0,0
conv_4.model.14.project.conv.weight,0.9,0.8448136,0,0
conv_4.model.15.conv.conv.weight,0.0,0.866862,0,0
conv_4.model.15.conv.conv.weight,0.1,0.8676714,0,0
conv_4.model.15.conv.conv.weight,0.2,0.8586131,0,0
conv_4.model.15.conv.conv.weight,0.30000000000000004,0.8571098,0,0
conv_4.model.15.conv.conv.weight,0.4,0.8468566,0,0
conv_4.model.15.conv.conv.weight,0.5,0.8377983,0,0
conv_4.model.15.conv.conv.weight,0.6000000000000001,0.8272752,0,0
conv_4.model.15.conv.conv.weight,0.7000000000000001,0.8263115,0,0
conv_4.model.15.conv.conv.weight,0.8,0.8225726,0,0
conv_4.model.15.conv.conv.weight,0.9,0.7858767,0,0
conv_4.model.15.conv_dw.conv.weight,0.0,0.866862,0,0
conv_4.model.15.conv_dw.conv.weight,0.1,0.8630074,0,0
conv_4.model.15.conv_dw.conv.weight,0.2,0.8615426,0,0
conv_4.model.15.conv_dw.conv.weight,0.30000000000000004,0.8578036,0,0
conv_4.model.15.conv_dw.conv.weight,0.4,0.8500173,0,0
conv_4.model.15.conv_dw.conv.weight,0.5,0.8417299,0,0
conv_4.model.15.conv_dw.conv.weight,0.6000000000000001,0.8299734,0,0
conv_4.model.15.conv_dw.conv.weight,0.7000000000000001,0.8224955,0,0
conv_4.model.15.conv_dw.conv.weight,0.8,0.8083491,0,0
conv_4.model.15.conv_dw.conv.weight,0.9,0.3200478,0,0
conv_4.model.15.project.conv.weight,0.0,0.866862,0,0
conv_4.model.15.project.conv.weight,0.1,0.868558,0,0
conv_4.model.15.project.conv.weight,0.2,0.8673245,0,0
conv_4.model.15.project.conv.weight,0.30000000000000004,0.8666307,0,0
conv_4.model.15.project.conv.weight,0.4,0.8670932,0,0
conv_4.model.15.project.conv.weight,0.5,0.8648576,0,0
conv_4.model.15.project.conv.weight,0.6000000000000001,0.8591528,0,0
conv_4.model.15.project.conv.weight,0.7000000000000001,0.849285,0,0
conv_4.model.15.project.conv.weight,0.8,0.8311683,0,0
conv_4.model.15.project.conv.weight,0.9,0.8060749,0,0
conv_45.conv.conv.weight,0.0,0.866862,0,0
conv_45.conv.conv.weight,0.1,0.8491693,0,0
conv_45.conv.conv.weight,0.2,0.7948965,0,0
conv_45.conv.conv.weight,0.30000000000000004,0.7109432,0,0
conv_45.conv.conv.weight,0.4,0.5778052,0,0
conv_45.conv.conv.weight,0.5,0.0006938,0,0
conv_45.conv.conv.weight,0.6000000000000001,0.0003084,0,0
conv_45.conv.conv.weight,0.7000000000000001,0.0001542,0,0
conv_45.conv.conv.weight,0.8,0.0001156,0,0
conv_45.conv.conv.weight,0.9,0.0001156,0,0
conv_45.conv_dw.conv.weight,0.0,0.866862,0,0
conv_45.conv_dw.conv.weight,0.1,0.8473191,0,0
conv_45.conv_dw.conv.weight,0.2,0.7508384,0,0
conv_45.conv_dw.conv.weight,0.30000000000000004,0.0712716,0,0
conv_45.conv_dw.conv.weight,0.4,0.6954477,0,0
conv_45.conv_dw.conv.weight,0.5,0.7000347,0,0
conv_45.conv_dw.conv.weight,0.6000000000000001,0.5796939,0,0
conv_45.conv_dw.conv.weight,0.7000000000000001,0.4930424,0,0
conv_45.conv_dw.conv.weight,0.8,0.2473114,0,0
conv_45.conv_dw.conv.weight,0.9,0.0478742,0,0
conv_45.project.conv.weight,0.0,0.866862,0,0
conv_45.project.conv.weight,0.1,0.8689049,0,0
conv_45.project.conv.weight,0.2,0.807,0,0
conv_45.project.conv.weight,0.30000000000000004,0.755965,0,0
conv_45.project.conv.weight,0.4,0.0003469,0,0
conv_45.project.conv.weight,0.5,0.0232047,0,0
conv_45.project.conv.weight,0.6000000000000001,0.0031222,0,0
conv_45.project.conv.weight,0.7000000000000001,0.0102532,0,0
conv_45.project.conv.weight,0.8,0.0217014,0,0
conv_45.project.conv.weight,0.9,0.0665305,0,0
conv_5.model.0.conv.conv.weight,0.0,0.866862,0,0
conv_5.model.0.conv.conv.weight,0.1,0.8647419,0,0
conv_5.model.0.conv.conv.weight,0.2,0.8673245,0,0
conv_5.model.0.conv.conv.weight,0.30000000000000004,0.8596924,0,0
conv_5.model.0.conv.conv.weight,0.4,0.8504414,0,0
conv_5.model.0.conv.conv.weight,0.5,0.8441198,0,0
conv_5.model.0.conv.conv.weight,0.6000000000000001,0.8330185,0,0
conv_5.model.0.conv.conv.weight,0.7000000000000001,0.7997148,0,0
conv_5.model.0.conv.conv.weight,0.8,0.8000617,0,0
conv_5.model.0.conv.conv.weight,0.9,0.0024284,0,0
conv_5.model.0.conv_dw.conv.weight,0.0,0.866862,0,0
conv_5.model.0.conv_dw.conv.weight,0.1,0.863123,0,0
conv_5.model.0.conv_dw.conv.weight,0.2,0.8682496,0,0
conv_5.model.0.conv_dw.conv.weight,0.30000000000000004,0.8677871,0,0
conv_5.model.0.conv_dw.conv.weight,0.4,0.8696758,0,0
conv_5.model.0.conv_dw.conv.weight,0.5,0.8604248,0,0
conv_5.model.0.conv_dw.conv.weight,0.6000000000000001,0.7701499,0,0
conv_5.model.0.conv_dw.conv.weight,0.7000000000000001,0.1442393,0,0
conv_5.model.0.conv_dw.conv.weight,0.8,0.7740045,0,0
conv_5.model.0.conv_dw.conv.weight,0.9,0.7833327,0,0
conv_5.model.0.project.conv.weight,0.0,0.866862,0,0
conv_5.model.0.project.conv.weight,0.1,0.8659754,0,0
conv_5.model.0.project.conv.weight,0.2,0.8637783,0,0
conv_5.model.0.project.conv.weight,0.30000000000000004,0.8607717,0,0
conv_5.model.0.project.conv.weight,0.4,0.8569942,0,0
conv_5.model.0.project.conv.weight,0.5,0.8389546,0,0
conv_5.model.0.project.conv.weight,0.6000000000000001,0.826697,0,0
conv_5.model.0.project.conv.weight,0.7000000000000001,0.8169834,0,0
conv_5.model.0.project.conv.weight,0.8,0.8053039,0,0
conv_5.model.0.project.conv.weight,0.9,0.7832171,0,0
conv_5.model.1.conv.conv.weight,0.0,0.866862,0,0
conv_5.model.1.conv.conv.weight,0.1,0.8663609,0,0
conv_5.model.1.conv.conv.weight,0.2,0.8621208,0,0
conv_5.model.1.conv.conv.weight,0.30000000000000004,0.8646648,0,0
conv_5.model.1.conv.conv.weight,0.4,0.8687507,0,0
conv_5.model.1.conv.conv.weight,0.5,0.8674787,0,0
conv_5.model.1.conv.conv.weight,0.6000000000000001,0.8621593,0,0
conv_5.model.1.conv.conv.weight,0.7000000000000001,0.8579578,0,0
conv_5.model.1.conv.conv.weight,0.8,0.845122,0,0
conv_5.model.1.conv.conv.weight,0.9,0.8274679,0,0
conv_5.model.1.conv_dw.conv.weight,0.0,0.866862,0,0
conv_5.model.1.conv_dw.conv.weight,0.1,0.8609644,0,0
conv_5.model.1.conv_dw.conv.weight,0.2,0.8611572,0,0
conv_5.model.1.conv_dw.conv.weight,0.30000000000000004,0.8600779,0,0
conv_5.model.1.conv_dw.conv.weight,0.4,0.8575338,0,0
conv_5.model.1.conv_dw.conv.weight,0.5,0.8646263,0,0
conv_5.model.1.conv_dw.conv.weight,0.6000000000000001,0.8500173,0,0
conv_5.model.1.conv_dw.conv.weight,0.7000000000000001,0.8390703,0,0
conv_5.model.1.conv_dw.conv.weight,0.8,0.8257333,0,0
conv_5.model.1.conv_dw.conv.weight,0.9,0.8281617,0,0
conv_5.model.1.project.conv.weight,0.0,0.866862,0,0
conv_5.model.1.project.conv.weight,0.1,0.8676714,0,0
conv_5.model.1.project.conv.weight,0.2,0.8675172,0,0
conv_5.model.1.project.conv.weight,0.30000000000000004,0.8665921,0,0
conv_5.model.1.project.conv.weight,0.4,0.8668234,0,0
conv_5.model.1.project.conv.weight,0.5,0.8644336,0,0
conv_5.model.1.project.conv.weight,0.6000000000000001,0.8605019,0,0
conv_5.model.1.project.conv.weight,0.7000000000000001,0.8632386,0,0
conv_5.model.1.project.conv.weight,0.8,0.8658598,0,0
conv_5.model.1.project.conv.weight,0.9,0.8524843,0,0
conv_5.model.2.conv.conv.weight,0.0,0.866862,0,0
conv_5.model.2.conv.conv.weight,0.1,0.8685965,0,0
conv_5.model.2.conv.conv.weight,0.2,0.8679027,0,0
conv_5.model.2.conv.conv.weight,0.30000000000000004,0.8487453,0,0
conv_5.model.2.conv.conv.weight,0.4,0.845546,0,0
conv_5.model.2.conv.conv.weight,0.5,0.8460471,0,0
conv_5.model.2.conv.conv.weight,0.6000000000000001,0.8387234,0,0
conv_5.model.2.conv.conv.weight,0.7000000000000001,0.8307058,0,0
conv_5.model.2.conv.conv.weight,0.8,0.8300119,0,0
conv_5.model.2.conv.conv.weight,0.9,0.8115484,0,0
conv_5.model.2.conv_dw.conv.weight,0.0,0.866862,0,0
conv_5.model.2.conv_dw.conv.weight,0.1,0.8655514,0,0
conv_5.model.2.conv_dw.conv.weight,0.2,0.861851,0,0
conv_5.model.2.conv_dw.conv.weight,0.30000000000000004,0.8594226,0,0
conv_5.model.2.conv_dw.conv.weight,0.4,0.8464711,0,0
conv_5.model.2.conv_dw.conv.weight,0.5,0.8407663,0,0
conv_5.model.2.conv_dw.conv.weight,0.6000000000000001,0.834676,0,0
conv_5.model.2.conv_dw.conv.weight,0.7000000000000001,0.8332113,0,0
conv_5.model.2.conv_dw.conv.weight,0.8,0.8069229,0,0
conv_5.model.2.conv_dw.conv.weight,0.9,0.7963998,0,0
conv_5.model.2.project.conv.weight,0.0,0.866862,0,0
conv_5.model.2.project.conv.weight,0.1,0.8663223,0,0
conv_5.model.2.project.conv.weight,0.2,0.866438,0,0
conv_5.model.2.project.conv.weight,0.30000000000000004,0.8662838,0,0
conv_5.model.2.project.conv.weight,0.4,0.866014,0,0
conv_5.model.2.project.conv.weight,0.5,0.8650118,0,0
conv_5.model.2.project.conv.weight,0.6000000000000001,0.8615041,0,0
conv_5.model.2.project.conv.weight,0.7000000000000001,0.8557993,0,0
conv_5.model.2.project.conv.weight,0.8,0.8495162,0,0
conv_5.model.2.project.conv.weight,0.9,0.8360637,0,0
conv_5.model.3.conv.conv.weight,0.0,0.866862,0,0
conv_5.model.3.conv.conv.weight,0.1,0.8670932,0,0
conv_5.model.3.conv.conv.weight,0.2,0.8672089,0,0
conv_5.model.3.conv.conv.weight,0.30000000000000004,0.8609259,0,0
conv_5.model.3.conv.conv.weight,0.4,0.85896,0,0
conv_5.model.3.conv.conv.weight,0.5,0.8535636,0,0
conv_5.model.3.conv.conv.weight,0.6000000000000001,0.8494777,0,0
conv_5.model.3.conv.conv.weight,0.7000000000000001,0.8508654,0,0
conv_5.model.3.conv.conv.weight,0.8,0.8505184,0,0
conv_5.model.3.conv.conv.weight,0.9,0.8441969,0,0
conv_5.model.3.conv_dw.conv.weight,0.0,0.866862,0,0
conv_5.model.3.conv_dw.conv.weight,0.1,0.8639325,0,0
conv_5.model.3.conv_dw.conv.weight,0.2,0.8630074,0,0
conv_5.model.3.conv_dw.conv.weight,0.30000000000000004,0.8596153,0,0
conv_5.model.3.conv_dw.conv.weight,0.4,0.8569171,0,0
conv_5.model.3.conv_dw.conv.weight,0.5,0.8543345,0,0
conv_5.model.3.conv_dw.conv.weight,0.6000000000000001,0.8438885,0,0
conv_5.model.3.conv_dw.conv.weight,0.7000000000000001,0.8445824,0,0
conv_5.model.3.conv_dw.conv.weight,0.8,0.8310141,0,0
conv_5.model.3.conv_dw.conv.weight,0.9,0.8202598,0,0
conv_5.model.3.project.conv.weight,0.0,0.866862,0,0
conv_5.model.3.project.conv.weight,0.1,0.8683653,0,0
conv_5.model.3.project.conv.weight,0.2,0.8693675,0,0
conv_5.model.3.project.conv.weight,0.30000000000000004,0.8713333,0,0
conv_5.model.3.project.conv.weight,0.4,0.8671703,0,0
conv_5.model.3.project.conv.weight,0.5,0.867286,0,0
conv_5.model.3.project.conv.weight,0.6000000000000001,0.8561076,0,0
conv_5.model.3.project.conv.weight,0.7000000000000001,0.8527541,0,0
conv_5.model.3.project.conv.weight,0.8,0.8537563,0,0
conv_5.model.3.project.conv.weight,0.9,0.8495162,0,0
conv_6_sep.conv.weight,0.0,0.866862,0,0
conv_6_sep.conv.weight,0.1,0.8514821,0,0
conv_6_sep.conv.weight,0.2,0.8233049,0,0
conv_6_sep.conv.weight,0.30000000000000004,0.7930848,0,0
conv_6_sep.conv.weight,0.4,0.7229696,0,0
conv_6_sep.conv.weight,0.5,0.6326948,0,0
conv_6_sep.conv.weight,0.6000000000000001,0.6002004,0,0
conv_6_sep.conv.weight,0.7000000000000001,0.489342,0,0
conv_6_sep.conv.weight,0.8,0.3542767,0,0
conv_6_sep.conv.weight,0.9,0.1463208,0,0
conv_6_dw.conv.weight,0.0,0.866862,0,0
conv_6_dw.conv.weight,0.1,0.8430791,0,0
conv_6_dw.conv.weight,0.2,0.3777898,0,0
conv_6_dw.conv.weight,0.30000000000000004,0.3241722,0,0
conv_6_dw.conv.weight,0.4,0.2346298,0,0
conv_6_dw.conv.weight,0.5,0.2187873,0,0
conv_6_dw.conv.weight,0.6000000000000001,0.1685618,0,0
conv_6_dw.conv.weight,0.7000000000000001,0.0971746,0,0
conv_6_dw.conv.weight,0.8,0.0566627,0,0
conv_6_dw.conv.weight,0.9,0.0185406,0,0
